ID,PageRank,Component
78313,0.6040224726345881,0
87117,0.6040224726345881,1
87626,1.0970631909291002,2
90143,1.1174415743739876,3
90391,0.6040224726345881,4
90783,2.077921250305577,5
90878,1.1174415743739876,6
79345,0.6040224726345881,8589934592
82604,0.6040224726345881,5
87019,0.6040224726345881,8589934594
87441,0.6040224726345881,8589934595
87664,0.6040224726345881,8589934596
75271,0.9849262705753996,17179869184
79232,0.6040224726345881,17179869185
82486,1.3223158829225672,17179869186
87639,12.111597062370048,17179869187
88113,0.6040224726345881,17179869188
90070,0.6040224726345881,17179869189
90211,0.9782729091087518,17179869190
90343,0.6040224726345881,17179869191
75314,0.6040224726345881,25769803776
79075,0.6773680585973594,2
90134,1.4458703941096256,25769803778
90781,0.6040224726345881,25769803779
75930,0.6040224726345881,34359738368
87107,0.6040224726345881,34359738369
87383,0.6040224726345881,34359738370
90678,0.6040224726345881,34359738371
80997,0.6040224726345881,42949672960
82583,0.6040224726345881,42949672961
83775,0.6040224726345881,42949672962
90633,2.2644329419575016,42949672963
90879,0.6040224726345881,42949672964
91045,1.1174415743739876,42949672965
91059,0.6040224726345881,42949672966
91156,1.1174415743739876,42949672967
75310,0.6040224726345881,51539607552
77273,0.7008490124205077,25769803778
78126,0.6040224726345881,51539607554
79993,0.9398841350224452,51539607555
82341,0.698120373534071,51539607556
82346,0.8313061922753331,51539607556
82601,0.6040224726345881,51539607558
82689,1.0954609508736195,51539607559
87948,0.6040224726345881,51539607560
78314,0.6040224726345881,60129542144
81000,0.8839251900132439,25769803778
90204,1.5994941412992367,25769803778
90998,0.6040224726345881,60129542147
75862,0.6040224726345881,68719476736
80026,1.1037898406804716,68719476737
90881,2.9933466173543195,6
75210,0.6040224726345881,77309411328
82362,2.527335959937969,51539607556
82636,0.6902035361408444,77309411330
84162,0.6040224726345881,77309411331
91046,0.6040224726345881,77309411332
78578,0.6040224726345881,85899345920
80034,0.7323772480694379,85899345921
90026,1.1174415743739876,85899345922
90683,0.6040224726345881,85899345923
80944,0.6040224726345881,94489280512
82639,0.824923447810004,77309411330
84813,1.1174415743739876,94489280514
87504,0.6040224726345881,94489280515
75180,0.6040224726345881,103079215104
75393,0.6040224726345881,103079215105
78775,0.6040224726345881,103079215106
82363,2.956990147389797,51539607556
75187,0.739711806665715,17179869184
75740,0.7323772480694379,51539607555
83773,5.958517254243772,77309411330
90706,0.6040224726345881,6
82376,0.6607674725139224,120259084288
82657,2.131503060788325,77309411330
90636,2.0435212791364297,120259084290
90935,0.6040224726345881,120259084291
75403,0.6040224726345881,128849018880
79851,0.6040224726345881,128849018881
80992,2.0435212791364297,128849018882
82353,1.1527157167283382,51539607556
90386,1.4234390634279583,42949672963
78324,0.6040224726345881,137438953472
78684,0.6040224726345881,137438953473
82311,0.6040224726345881,137438953474
83594,0.6040224726345881,137438953475
90041,2.8989903746149177,137438953476
91150,0.6040224726345881,137438953477
80954,0.6040224726345881,146028888064
81015,0.8596624003756641,77309411328
82494,3.0821493472291945,17179869186
87635,0.6040224726345881,146028888067
91113,0.9616509656899386,146028888068
75330,1.2061846399454714,42949672963
75402,0.6040224726345881,154618822657
78540,0.6040224726345881,154618822658
81075,1.1174415743739876,154618822659
81486,1.1046060968305025,6
82394,1.688948577580386,120259084288
83774,0.6040224726345881,154618822662
91271,0.6040224726345881,154618822663
82727,0.6040224726345881,163208757248
84768,1.3711159601626135,163208757249
86955,0.6040224726345881,163208757250
87634,0.6040224726345881,163208757251
91027,9.82957935659264,25769803778
75737,0.6040224726345881,171798691840
77978,0.8607320235042878,5
79850,0.6040224726345881,171798691842
91159,1.5923542434829323,171798691843
76227,0.6040224726345881,180388626432
77967,0.6040224726345881,180388626433
80079,0.7751621732143879,5
81823,0.6040224726345881,180388626435
82282,0.6040224726345881,180388626436
82466,0.6040224726345881,180388626437
86977,0.6040224726345881,180388626438
87049,0.6040224726345881,180388626439
90261,0.6040224726345881,180388626440
91044,0.6040224726345881,180388626441
75439,0.6040224726345881,188978561024
81403,0.6040224726345881,188978561025
87666,1.78901658253263,188978561026
87988,0.6040224726345881,5
90116,2.5270229551167778,5
76479,0.6967879694261385,163208757249
82496,1.1174415743739876,197568495617
84167,1.5923542434829323,197568495618
87372,0.6040224726345881,197568495619
90235,4.695801160432252,5
91111,0.8607320235042878,197568495621
78323,0.6040224726345881,206158430208
82400,4.355082327089029,120259084288
82401,6.2062696389635885,120259084288
82495,2.4919768201588663,180388626437
82650,1.8207708897864103,77309411330
84160,1.1174415743739876,206158430213
87566,0.6040224726345881,206158430214
90641,3.728235746289286,25769803778
90856,1.1174415743739876,206158430216
90904,0.6040224726345881,206158430217
81001,0.9340142841140892,25769803778
82359,1.7844242183646943,51539607556
82396,2.095277083425601,120259084288
83770,0.6889776473489787,77309411330
90877,0.6040224726345881,214748364804
91311,1.5923542434829323,214748364805
77194,0.6205843791423106,17179869187
77231,0.7751621732143879,128849018882
87916,0.6040224726345881,223338299394
75590,0.6040224726345881,231928233984
82660,3.071521452734938,77309411330
76207,0.6040224726345881,240518168576
76316,0.6040224726345881,240518168577
76325,0.6040224726345881,5
76439,1.1174415743739876,240518168579
82459,1.3002547830217033,17179869187
87867,0.6040224726345881,240518168581
90872,8.125560340633747,17179869186
75285,0.6040224726345881,51539607559
78651,0.6040224726345881,249108103169
79127,0.6040224726345881,249108103170
80962,0.6040224726345881,249108103171
81024,0.6040224726345881,249108103172
82338,0.6381676032180094,51539607556
87663,0.8607320235042878,249108103174
75797,0.6040224726345881,188978561026
76301,0.6040224726345881,257698037761
76700,0.6040224726345881,257698037762
78739,0.6040224726345881,257698037763
82397,2.3921093976244285,120259084288
82485,1.1953137922055874,17179869186
83645,0.6040224726345881,257698037766
87442,0.6040224726345881,257698037767
90635,0.6040224726345881,257698037768
90975,0.6040224726345881,257698037769
91110,0.6040224726345881,197568495621
81357,0.6040224726345881,266287972352
81391,0.6040224726345881,5
87506,1.1174415743739876,266287972354
87575,0.6040224726345881,266287972355
78416,1.1174415743739876,34359738368
79058,0.6040224726345881,274877906945
81513,0.6040224726345881,120259084290
82386,0.9804436269936324,120259084288
81066,0.6040224726345881,283467841536
82399,3.393526213420209,120259084288
84989,0.6040224726345881,283467841538
90389,3.670641535623537,42949672963
90450,0.6040224726345881,283467841540
90542,0.6040224726345881,283467841541
91208,0.7905112651101387,146028888068
76194,1.1174415743739876,292057776128
83736,1.1174415743739876,257698037766
91088,0.6040224726345881,292057776130
82611,0.6040224726345881,300647710720
91147,0.6040224726345881,300647710721
75455,4.2496857326390804,17179869184
80003,0.6040224726345881,309237645313
80965,0.6040224726345881,309237645314
81500,0.6040224726345881,309237645315
82030,1.5923542434829323,309237645316
82474,0.8607320235042878,180388626437
82478,0.7721578403243002,17179869186
82483,1.006603581795225,17179869186
87223,1.2333174133082272,5
90161,2.006254310411592,309237645321
91090,1.1174415743739876,309237645322
91115,1.0144894568913447,146028888068
78280,0.6040224726345881,317827579904
91238,0.6040224726345881,317827579905
76361,0.6040224726345881,326417514496
76727,0.8274163584721665,163208757249
79122,0.6040224726345881,326417514498
79357,0.6376004024413738,17179869187
90950,3.711570474261445,309237645321
91225,0.6040224726345881,326417514501
81065,1.1046060968305025,335007449088
86993,1.662478101697169,163208757249
76218,0.6040224726345881,343597383680
77220,0.6895923229244879,343597383681
78195,0.6040224726345881,343597383682
82491,1.6929578915065218,17179869186
82653,0.6431340063492358,77309411330
84080,1.5923542434829323,343597383685
90552,1.1174415743739876,343597383686
90984,0.6040224726345881,343597383687
78682,0.6040224726345881,352187318272
80951,0.9047943842714228,309237645321
81035,0.6040224726345881,352187318274
90546,1.1174415743739876,352187318275
90922,0.6040224726345881,352187318276
77782,0.6040224726345881,360777252864
79350,0.6040224726345881,360777252865
81019,1.2250189205353212,77309411328
87508,0.6040224726345881,360777252867
91105,1.1174415743739876,360777252868
75265,0.6040224726345881,369367187456
82403,0.6040224726345881,369367187457
82470,1.1174415743739876,369367187458
87554,0.6040224726345881,369367187459
90854,1.1174415743739876,369367187460
91014,0.6040224726345881,369367187461
91107,0.7905112651101387,146028888068
91214,0.6040224726345881,369367187463
75176,0.6040224726345881,377957122048
83769,4.102626127543658,77309411330
84194,1.1174415743739876,249108103170
87468,0.6040224726345881,5
90034,1.8977280144431388,5
90227,0.6040224726345881,377957122053
90390,6.063005084007464,42949672963
91106,0.6040224726345881,377957122055
78868,0.6040224726345881,386547056640
81012,0.6040224726345881,386547056641
82254,0.6040224726345881,386547056642
90936,0.6040224726345881,386547056643
75720,0.6040224726345881,25769803778
82467,2.5226928235831148,17179869187
82624,1.1302648943549023,25769803778
85274,0.6040224726345881,395136991235
90287,0.6040224726345881,395136991236
76317,0.6040224726345881,403726925824
82477,0.7307487447864041,17179869186
87627,1.2554502333562312,188978561026
75312,0.6040224726345881,77309411328
81005,0.7067062929824679,412316860417
82473,0.6310445306208722,17179869186
90548,0.6040224726345881,412316860419
90630,1.5923542434829323,412316860420
80056,0.6040224726345881,420906795008
90638,0.6040224726345881,420906795009
78648,0.6040224726345881,429496729600
81017,0.6040224726345881,429496729601
82028,0.6040224726345881,309237645316
84888,1.78901658253263,343597383681
86574,0.6040224726345881,5
86996,0.6040224726345881,429496729605
87891,1.567021824116172,429496729606
90962,2.429030609366034,51539607559
75725,0.6040224726345881,438086664192
81558,0.6040224726345881,438086664193
87659,0.6040224726345881,438086664194
90718,1.3393348924069848,51539607555
90758,0.6040224726345881,438086664196
91158,0.6040224726345881,438086664197
76228,0.6040224726345881,446676598784
77672,0.6040224726345881,446676598785
81528,0.6040224726345881,446676598786
81793,1.5538478108524774,446676598787
82332,0.6040224726345881,446676598788
82450,0.8633652555773822,17179869187
82476,0.6938860484618673,17179869186
87665,0.6040224726345881,446676598791
88092,0.6040224726345881,446676598792
90197,0.7751621732143879,5
91155,0.6040224726345881,42949672967
82641,0.6040224726345881,455266533376
90554,0.6040224726345881,455266533377
76314,0.6040224726345881,463856467968
82651,1.2255086560083173,77309411330
87179,0.6040224726345881,463856467970
87745,0.6040224726345881,463856467971
79365,0.6040224726345881,472446402560
81392,0.6040224726345881,472446402561
82449,0.8297789641704341,17179869187
90871,0.6040224726345881,472446402563
75628,0.6040224726345881,309237645321
78950,0.8068230178216509,188978561026
82357,1.5027080350648439,51539607556
83776,4.68843043471524,77309411330
87660,1.1174415743739876,481036337156
87890,1.099664437976261,429496729606
90345,0.6040224726345881,481036337158
82455,1.088894018762868,17179869187
84079,0.8607320235042878,343597383685
75537,0.6610690394945212,51539607559
79749,0.799367135238768,25769803778
87443,1.1174415743739876,506806140928
91022,2.4777695509529214,51539607555
75938,0.6040224726345881,515396075520
84286,0.8068230178216509,17179869190
87654,1.1174415743739876,146028888067
90080,0.6040224726345881,3
91203,0.6040224726345881,515396075524
75601,0.6040224726345881,523986010112
81142,0.6040224726345881,523986010113
81388,0.6040224726345881,523986010114
90199,0.6040224726345881,523986010115
90981,0.6040224726345881,523986010116
75912,0.6040224726345881,532575944704
77269,0.6040224726345881,532575944705
76393,0.6040224726345881,541165879296
80955,0.6040224726345881,541165879297
82457,0.6040224726345881,369367187458
78671,1.5923542434829323,541165879296
78683,0.6040224726345881,549755813889
78689,0.6040224726345881,549755813890
81745,1.0264764814992426,163208757249
82145,0.6040224726345881,5
84760,0.6040224726345881,549755813893
87632,0.8607320235042878,549755813894
87636,0.6040224726345881,549755813895
75789,0.6040224726345881,558345748480
81737,1.1174415743739876,446676598787
75186,0.6040224726345881,566935683072
76192,0.6040224726345881,292057776128
78645,0.6040224726345881,566935683074
81080,0.6040224726345881,566935683075
82372,2.4777695509529214,566935683076
82475,0.6608438556779689,17179869186
82488,1.2082525779941442,180388626437
84166,0.8607320235042878,197568495618
90387,1.6654237042107114,42949672963
90629,0.8607320235042878,412316860420
81036,0.6040224726345881,575525617664
91201,0.6040224726345881,575525617665
76230,0.6040224726345881,584115552256
79994,0.7751621732143879,6
85201,0.6040224726345881,584115552258
75913,0.6040224726345881,592705486848
78685,0.6040224726345881,592705486849
86904,0.6040224726345881,592705486850
87865,0.6040224726345881,592705486851
75759,0.6485280958560196,25769803778
77191,0.7067062929824679,137438953476
81064,0.7751621732143879,335007449088
82398,2.798772346223188,120259084288
84032,0.6040224726345881,601295421444
87548,0.6040224726345881,601295421445
90374,0.6040224726345881,42949672963
75523,0.6040224726345881,51539607555
76474,0.6468073977795379,163208757249
79123,0.6040224726345881,609885356034
82029,0.8607320235042878,309237645316
87657,1.1174415743739876,609885356036
90639,1.1174415743739876,420906795009
91149,0.6040224726345881,609885356038
82343,0.7454556199380408,51539607556
83302,0.6040224726345881,618475290625
90203,0.6040224726345881,618475290626
91109,0.6040224726345881,171798691843
80953,0.6040224726345881,627065225216
81041,0.6040224726345881,627065225217
84107,0.6040224726345881,627065225218
90384,1.2704069518342986,42949672963
75647,0.6040224726345881,635655159808
79205,0.6040224726345881,635655159809
81047,1.1174415743739876,635655159810
81947,0.6040224726345881,635655159811
82342,0.7209435395919156,51539607556
90005,0.6040224726345881,635655159813
81551,0.6040224726345881,644245094400
90366,2.1335135666583045,163208757249
75141,0.6040224726345881,128849018882
81078,0.6040224726345881,652835028993
82354,1.2227020289653432,51539607556
82637,0.6040224726345881,77309411330
90208,1.3703004819806421,412316860417
90361,0.6040224726345881,652835028997
75702,1.1174415743739876,661424963584
75844,0.6040224726345881,68719476737
78650,0.6040224726345881,661424963586
82458,1.220455750816143,17179869187
87630,0.7323772480694379,446676598785
91013,2.4777695509529214,446676598785
75306,0.6040224726345881,670014898176
75873,0.6040224726345881,670014898177
75921,0.6040224726345881,670014898178
77182,0.6040224726345881,670014898179
81081,0.6040224726345881,670014898180
82391,1.320283755519034,120259084288
82456,1.1505980134468679,17179869187
84176,0.6040224726345881,670014898183
90571,1.7045828837656383,51539607559
90634,1.1174415743739876,670014898185
76475,0.6040224726345881,678604832768
82656,1.6609113558911963,77309411330
87444,0.6040224726345881,678604832770
75313,0.6040224726345881,77309411328
78226,0.6040224726345881,687194767361
78644,0.6040224726345881,687194767362
82163,0.6040224726345881,687194767363
83779,0.6040224726345881,687194767364
78603,0.6040224726345881,266287972354
81137,0.6040224726345881,197568495618
82358,1.630438263417902,51539607556
82377,0.6823694860384161,120259084288
82645,0.7435508839341217,77309411330
82367,12.133921760084034,51539607556
82378,0.7055700485637222,120259084288
91133,1.1174415743739876,377957122055
77914,0.6040224726345881,712964571136
78127,0.6040224726345881,712964571137
78660,0.6040224726345881,712964571138
81045,0.6040224726345881,635655159810
82337,0.6205843791423106,51539607556
87633,0.6040224726345881,721554505728
90505,0.6040224726345881,721554505729
76297,0.6040224726345881,730144440320
87658,0.6040224726345881,738734374912
91134,0.8607320235042878,171798691843
75277,1.8832246603122371,17179869184
77968,0.8568813802412424,137438953476
82606,0.6040224726345881,747324309506
87631,0.6040224726345881,549755813894
87888,0.7067062929824679,429496729606
75757,0.6040224726345881,755914244096
82350,0.9865406509871064,51539607556
82610,0.6040224726345881,755914244098
90560,2.395960662830468,25769803778
90651,0.6040224726345881,755914244100
75188,0.8654628137988866,17179869184
76480,0.6040224726345881,764504178689
78506,0.6040224726345881,764504178690
82383,0.8534686425313617,120259084288
82481,0.8725913923851629,17179869186
77892,0.6040224726345881,773094113280
79347,0.6040224726345881,773094113281
80025,1.1759232189314914,68719476737
82380,0.7575579068974323,120259084288
82469,3.5787861147326145,17179869187
84149,0.6040224726345881,206158430213
87546,0.6040224726345881,773094113286
90468,0.6040224726345881,773094113287
91260,3.711570474261445,2
79356,0.6040224726345881,781684047872
85618,0.6040224726345881,781684047873
91224,1.1174415743739876,781684047874
91272,3.4024525507475336,5
75190,0.6040224726345881,790273982464
78738,0.6040224726345881,790273982465
80946,0.6040224726345881,790273982466
81072,2.0435212791364297,335007449088
82360,1.9740196064072189,51539607556
90703,0.6040224726345881,790273982469
90928,0.6040224726345881,790273982470
76208,1.1174415743739876,240518168576
80910,0.6040224726345881,798863917057
84287,0.6040224726345881,798863917058
90206,0.6040224726345881,412316860417
75341,0.6040224726345881,807453851648
82352,1.0908981543514036,51539607556
82465,2.2096558901771384,17179869187
86579,0.6040224726345881,807453851651
90373,0.6040224726345881,42949672963
90642,5.31282876883152,25769803778
90968,0.6040224726345881,807453851654
91266,0.6040224726345881,807453851655
75837,0.6040224726345881,816043786240
78601,0.6040224726345881,816043786241
78639,0.6040224726345881,816043786242
78947,0.6040224726345881,816043786243
82351,1.0358676835655234,51539607556
84150,0.6040224726345881,816043786245
75600,0.6040224726345881,833223655424
77275,0.6040224726345881,833223655425
80127,0.6040224726345881,833223655426
90382,0.8286718529290052,42949672963
90884,0.6040224726345881,833223655428
90929,0.6040224726345881,833223655429
81033,3.7414557408317886,77309411328
82471,4.592858979493906,17179869187
82493,2.401672882919163,17179869186
84005,0.6040224726345881,17179869190
87629,0.6040224726345881,841813590020
87687,1.5923542434829323,549755813894
91274,0.8607320235042878,214748364805
78145,0.6040224726345881,206158430216
80930,0.6040224726345881,850403524609
81002,0.9907222942223282,25769803778
81010,1.2030114246638874,77309411328
82294,1.1174415743739876,438086664192
82480,0.8190388520582756,17179869186
85207,1.5923542434829323,850403524614
90385,1.1288506351111782,42949672963
80071,0.6040224726345881,858993459200
81707,0.7733285335653186,2
82084,1.1174415743739876,326417514498
87889,0.8568813802412424,429496729606
80925,0.6040224726345881,867583393792
82279,0.6040224726345881,867583393793
86976,0.7751621732143879,120259084290
87393,1.1174415743739876,867583393795
87637,1.1174415743739876,721554505728
89912,3.3096806776853653,188978561026
90997,4.493706627327162,51539607559
85592,0.6040224726345881,876173328384
90637,2.9051059374009593,25769803778
90919,0.6040224726345881,876173328386
91104,0.8575231541184166,146028888068
91243,1.1174415743739876,317827579905
82379,0.7305589877836873,120259084288
91136,0.6040224726345881,884763262977
80055,0.9362914110030937,51539607559
82492,1.9807608047778236,17179869186
82720,0.6040224726345881,893353197570
84038,0.6040224726345881,893353197571
87611,0.6040224726345881,893353197572
81031,1.5923542434829323,51539607552
82151,0.6040224726345881,901943132161
82334,0.6040224726345881,51539607556
83267,0.6040224726345881,901943132163
87403,1.0970631909291002,309237645321
87710,0.8350610684173179,5
90496,1.3393348924069846,446676598785
78311,0.6040224726345881,910533066752
78604,0.6040224726345881,670014898185
82461,1.4999473453100245,17179869187
90112,1.1174415743739876,910533066755
75309,0.7751621732143879,77309411328
81506,0.6040224726345881,919123001345
82361,2.2137228384186938,51539607556
82609,0.6040224726345881,919123001347
82646,0.6996308505890999,77309411330
82661,2.471224630487315,77309411330
90553,0.6040224726345881,343597383686
91241,0.6040224726345881,927712935939
78656,0.6040224726345881,936302870528
81030,0.6040224726345881,936302870529
82462,1.6274429140583142,17179869187
82605,0.6040224726345881,936302870531
90704,0.6040224726345881,936302870532
78246,0.6040224726345881,352187318275
80975,0.6040224726345881,944892805121
80986,0.6040224726345881,944892805122
87520,0.9047943842714228,2
91126,1.4456474760701659,146028888068
75716,0.6040224726345881,953482739712
80956,0.6040224726345881,953482739713
82333,0.6040224726345881,953482739714
82347,0.8649543000579588,51539607556
87550,0.6040224726345881,953482739716
90545,0.6040224726345881,953482739717
91148,0.6040224726345881,953482739718
75182,0.6040224726345881,17179869184
75444,0.6040224726345881,42949672963
76736,2.0435212791364297,962072674306
77325,0.6040224726345881,962072674307
82402,11.483792002898106,120259084288
82482,0.9343999493457784,17179869186
82644,0.7539476207443446,77309411330
87486,0.6040224726345881,962072674311
90556,2.4324362487040254,343597383686
91239,0.6040224726345881,962072674313
78649,0.6040224726345881,970662608896
82454,1.0339646468081178,17179869187
87385,0.6040224726345881,970662608898
87514,0.6040224726345881,970662608899
87641,0.6040224726345881,970662608900
90273,0.6040224726345881,781684047874
90547,0.6040224726345881,970662608902
76406,0.6040224726345881,979252543488
78183,0.6040224726345881,979252543489
79690,0.6040224726345881,979252543490
81037,0.6040224726345881,979252543491
87638,1.1174415743739876,841813590020
90232,1.1174415743739876,360777252864
90482,1.1174415743739876,627065225218
90640,0.6040224726345881,979252543495
90667,1.1174415743739876,979252543496
91127,0.6040224726345881,979252543497
75328,0.7751621732143879,42949672963
90549,1.1174415743739876,970662608902
90873,0.6040224726345881,987842478082
76735,1.1046060968305025,962072674306
78409,1.0436375784989491,68719476737
80914,0.6040224726345881,996432412674
82365,4.6013136685181335,51539607556
77239,0.8607320235042878,541165879296
78814,0.6040224726345881,1005022347265
81387,0.6391038406694902,17179869187
91202,0.6040224726345881,1005022347267
79100,0.6040224726345881,1013612281856
80899,0.6040224726345881,1013612281857
82356,1.3949188350640094,51539607556
90603,0.6040224726345881,1013612281859
78205,0.6040224726345881,1022202216448
80926,0.6040224726345881,1022202216449
80963,0.6040224726345881,1022202216450
81044,0.6040224726345881,1022202216451
81493,0.6040224726345881,1022202216452
90875,0.6040224726345881,1022202216453
81020,1.1046060968305025,1030792151040
82382,0.8186749568646066,120259084288
84084,1.1718939830449688,163208757249
87625,0.6040224726345881,1030792151043
87628,0.8607320235042878,979252543489
87937,0.6040224726345881,1030792151045
90617,0.6040224726345881,1030792151046
91102,0.6040224726345881,146028888068
79076,0.8068230178216509,343597383681
79146,0.6040224726345881,1039382085633
81343,0.6040224726345881,1039382085634
81419,0.6040224726345881,5
81948,0.6040224726345881,1039382085636
87551,0.6040224726345881,1039382085637
82381,0.7868271896639242,120259084288
82652,1.4859292454100843,77309411330
77208,0.6040224726345881,1065151889408
81016,0.7751621732143879,1030792151040
81026,0.6040224726345881,1065151889410
81122,0.6040224726345881,1065151889411
82340,0.6768132885249522,51539607556
82655,1.4195823462150492,77309411330
79719,0.7633214023500173,25769803778
79746,0.6040224726345881,17179869186
82068,0.9398841350224452,85899345921
82392,1.4223056892213315,120259084288
91146,0.6040224726345881,1073741824004
75270,0.8654628137988866,17179869184
78505,0.6040224726345881,1082331758593
80968,0.6040224726345881,1082331758594
81940,0.6040224726345881,1082331758595
86916,0.6040224726345881,1082331758596
76740,0.9153293465598344,163208757249
77868,0.6040224726345881,1090921693185
81405,0.6040224726345881,1090921693186
86967,0.6040224726345881,1090921693187
75183,1.1174415743739876,17179869184
78346,0.6040224726345881,214748364805
81028,0.6040224726345881,1099511627778
82648,0.6996308505890999,77309411330
76330,0.6040224726345881,1108101562368
81021,2.0435212791364297,1030792151040
81314,0.6040224726345881,1108101562370
81530,0.6040224726345881,1108101562371
75758,0.6040224726345881,1116691496960
78610,0.6040224726345881,1116691496961
90381,0.7637528598424012,42949672963
90840,1.986950917406886,68719476737
91209,0.6040224726345881,1116691496964
91259,0.6040224726345881,1116691496965
75307,0.6040224726345881,1125281431552
75739,0.6773680585973594,309237645321
75532,0.6040224726345881,2
82388,1.09103971080297,120259084288
89925,0.6040224726345881,1133871366146
91108,0.6040224726345881,1133871366147
75879,0.6040224726345881,1142461300736
81115,0.6040224726345881,1142461300737
82638,0.8998435572189357,77309411330
82654,0.8011385691852366,77309411330
90170,1.1046060968305025,120259084290
90337,0.6040224726345881,343597383686
90672,2.4777695509529214,85899345921
78602,0.6040224726345881,1151051235328
78679,0.6040224726345881,1151051235329
82730,0.9782729091087518,188978561026
90644,0.6040224726345881,1151051235331
91132,2.6744478307298074,146028888068
91245,1.1174415743739876,773094113280
75326,0.6040224726345881,1159641169920
76205,0.6040224726345881,1159641169921
90455,1.7937184951369782,25769803778
90952,5.6244789383283695,163208757249
76726,0.7751621732143879,962072674306
81401,0.6040224726345881,5
87364,0.6040224726345881,1176821039106
90470,0.6040224726345881,1176821039107
91112,1.5923542434829323,197568495621
78577,0.6040224726345881,1185410973696
79756,0.6040224726345881,1185410973697
81348,0.6040224726345881,1185410973698
82553,0.6040224726345881,1185410973699
82647,0.6040224726345881,77309411330
84254,0.6040224726345881,1185410973701
91242,0.6040224726345881,1185410973702
75245,0.6040224726345881,1194000908288
75649,0.6040224726345881,1194000908289
80027,0.8393354920007065,25769803778
87642,0.6040224726345881,1194000908291
87753,0.6040224726345881,1194000908292
80080,1.4340500204466178,5
80967,0.6040224726345881,1202590842881
82390,1.2329498083241104,120259084288
90465,0.6040224726345881,1202590842883
90880,1.2554502333562312,17179869190
82384,0.8916501344341995,120259084288
85154,0.8607320235042878,850403524614
91206,0.6040224726345881,1211180777474
75329,0.9398841350224452,42949672963
84734,0.6040224726345881,1219770712065
75515,0.6040224726345881,17179869187
82345,0.8003823295429864,51539607556
82468,2.951557576896205,17179869187
88173,0.6040224726345881,1228360646659
82094,0.6040224726345881,1236950581248
90705,1.5923542434829323,249108103174
90713,1.2451331834690909,412316860417
82453,0.9847282350287369,17179869187
87748,0.6040224726345881,1245540515841
90051,1.328371255338591,5
76433,0.6040224726345881,240518168579
77217,0.6040224726345881,5
81027,0.6040224726345881,1254130450434
81516,0.6040224726345881,1254130450435
84007,0.6040224726345881,1254130450436
87178,1.1174415743739876,1254130450437
87640,0.9398841350224452,446676598785
90857,0.6040224726345881,1254130450439
77783,0.6040224726345881,42949672965
77952,0.6040224726345881,85899345921
81013,1.1174415743739876,386547056641
82368,0.6040224726345881,566935683076
86975,3.309680677685365,343597383681
75453,0.6040224726345881,661424963584
76710,0.6040224726345881,962072674306
79104,0.6040224726345881,1254130450437
87943,0.6040224726345881,1271310319619
90344,0.6040224726345881,1271310319620
75735,0.6040224726345881,1279900254208
76473,0.6040224726345881,163208757249
77888,0.6040224726345881,446676598787
77890,0.6040224726345881,1279900254211
80958,0.6040224726345881,1279900254212
82479,0.6040224726345881,197568495617
87105,0.8179470983593379,5
82447,0.770439161370964,17179869187
84078,0.6040224726345881,343597383685
75278,3.3474032698491683,17179869184
87558,0.6040224726345881,1297080123393
87661,0.6040224726345881,1297080123394
76226,0.6040224726345881,1305670057984
78312,0.6040224726345881,1305670057985
81091,0.6040224726345881,1305670057986
82389,1.157281407781425,120259084288
90003,0.6040224726345881,85899345922
81046,0.6040224726345881,154618822659
82484,1.0921648862498294,17179869186
87056,0.6040224726345881,1314259992578
90452,1.1174415743739876,283467841540
76365,0.6040224726345881,1322849927168
77249,0.6040224726345881,1322849927169
78609,0.6040224726345881,412316860420
82448,0.7989119129868475,17179869187
91114,0.7905112651101387,146028888068
91145,0.6040224726345881,1322849927173
87662,0.6040224726345881,249108103174
90559,2.047828854562772,25769803778
82442,0.6556657471772127,17179869187
87499,0.6040224726345881,1340029796353
90400,3.0402569365914514,163208757249
90815,0.6040224726345881,1340029796355
91023,0.6040224726345881,1340029796356
75454,0.6040224726345881,1348619730944
76295,0.6040224726345881,412316860417
82444,0.6968378267841839,17179869187
90849,0.6040224726345881,369367187460
90883,1.7743147864434543,412316860417
91089,0.6040224726345881,309237645322
75741,0.6040224726345881,1365799600128
76701,0.7560149468273603,163208757249
79142,1.2554502333562312,343597383681
82385,0.9337558352277756,120259084288
82445,0.7196190634290516,17179869187
87945,0.6040224726345881,1365799600133
91207,0.6040224726345881,1365799600134
76186,0.6040224726345881,1374389534720
83052,0.6040224726345881,1374389534721
83772,1.2746086475956104,77309411330
89932,0.6040224726345881,1374389534723
90882,0.6040224726345881,1374389534724
90927,0.6040224726345881,1374389534725
91017,2.006254310411592,2
75736,0.6040224726345881,1382979469312
80143,0.6040224726345881,609885356036
81529,0.6040224726345881,1382979469314
82364,3.585373404441309,51539607556
82371,1.3393348924069846,566935683076
87426,0.8054681618587274,5
90383,0.8140344169548321,42949672963
77181,0.6040224726345881,1391569403904
79105,0.6040224726345881,910533066755
84157,0.6040224726345881,1391569403906
87605,0.6040224726345881,1391569403907
90031,0.6040224726345881,1391569403908
82370,0.9398841350224452,566935683076
78179,0.6040224726345881,6
81018,1.030802100955464,77309411328
81048,0.6040224726345881,1408749273090
82373,0.6040224726345881,120259084288
83051,0.6040224726345881,1408749273092
84273,1.217603545565262,25769803778
91200,0.6040224726345881,1408749273094
75170,0.6040224726345881,1417339207680
81502,0.6040224726345881,867583393795
82257,0.6040224726345881,1417339207682
86966,0.6040224726345881,1417339207683
87653,1.407897761692345,2
87655,1.5923542434829323,979252543489
90604,0.6040224726345881,1417339207686
75535,0.6040224726345881,1425929142272
76749,0.7323772480694379,68719476737
81389,0.6040224726345881,1425929142274
85319,0.6040224726345881,1425929142275
75255,0.6040224726345881,42949672963
75440,0.6040224726345881,1434519076865
78790,0.7733285335653186,309237645321
91235,0.6040224726345881,1434519076867
77338,0.6040224726345881,1443109011456
82349,0.9420547330305225,51539607556
91015,3.2824823549203903,412316860417
75268,0.6040224726345881,1451698946048
81079,0.6040224726345881,360777252868
82472,6.545213204859544,17179869187
82667,0.6040224726345881,1451698946051
84145,0.6040224726345881,1451698946052
87542,0.6040224726345881,1451698946053
80957,0.6040224726345881,1460288880640
82463,1.7811459725363867,17179869187
87445,0.6040224726345881,1460288880642
87751,0.6040224726345881,1460288880643
91256,0.6040224726345881,1460288880644
78646,1.1174415743739876,687194767362
79346,0.6040224726345881,1468878815233
81193,0.6040224726345881,481036337156
81358,0.6040224726345881,1468878815235
82355,1.302647933269614,51539607556
82387,1.0325296946970022,120259084288
82649,1.0297203595698052,77309411330
86969,0.6040224726345881,1468878815239
87496,0.6040224726345881,1468878815240
87997,2.5982456606928497,5
90226,0.6040224726345881,1468878815242
78785,0.8201092651121986,51539607559
81025,0.6040224726345881,1477468749825
81370,1.567021824116172,137438953476
91140,0.6040224726345881,1477468749827
81049,0.6040224726345881,335007449088
82375,0.6406004221858494,120259084288
82715,0.6040224726345881,1486058684418
90467,1.3393348924069848,85899345921
91018,0.6040224726345881,1486058684420
75273,1.529270942703116,17179869184
78647,0.6040224726345881,1494648619009
81128,0.6040224726345881,979252543496
82339,0.6568725157261235,51539607556
84037,0.6895923229244879,17179869190
87484,0.6040224726345881,1494648619013
90874,0.6040224726345881,1494648619014
91205,0.6040224726345881,1494648619015
75738,0.6254149352070629,25769803778
90340,0.6040224726345881,1511828488193
91130,3.309680677685365,17179869190
78681,0.6040224726345881,1520418422784
80964,0.6040224726345881,1520418422785
90392,1.3282464029342635,51539607559
90551,0.6040224726345881,1520418422787
82607,0.6040224726345881,1529008357376
84767,0.6040224726345881,94489280514
90188,0.6040224726345881,1529008357378
91087,0.6040224726345881,1529008357379
77211,0.6040224726345881,1537598291968
81014,0.6040224726345881,1030792151040
82524,4.392081007523576,17179869186
82599,0.6040224726345881,1537598291971
87077,0.6040224726345881,1537598291972
87947,0.6040224726345881,1537598291973
90550,0.6040224726345881,1537598291974
75760,0.6040224726345881,1546188226560
75903,0.6040224726345881,1546188226561
79103,0.9782729091087518,343597383681
81032,0.6040224726345881,1546188226563
88052,1.3210998481447216,25769803778
89894,1.8033739510608615,5
90502,1.1174415743739876,1030792151043
87465,0.6040224726345881,1554778161152
90632,1.9534240815563693,42949672963
78248,0.6040224726345881,1563368095744
80903,0.6040224726345881,850403524614
81073,0.6040224726345881,1563368095746
82451,0.9000582789397693,17179869187
87455,0.6040224726345881,1563368095748
87946,0.6040224726345881,1563368095749
90137,0.6040224726345881,1563368095750
90889,0.6040224726345881,1563368095751
78613,0.6895923229244879,188978561026
81029,0.6040224726345881,1571958030337
82691,0.6040224726345881,1571958030338
87503,1.407897761692345,309237645321
76899,0.6040224726345881,1580547964928
80947,0.6040224726345881,1580547964929
82366,6.557265332998988,51539607556
87547,0.6040224726345881,1580547964931
91212,2.8989903746149177,429496729606
75488,0.6040224726345881,1589137899520
75840,0.6040224726345881,137438953476
77209,0.6040224726345881,1589137899522
78714,1.1046060968305025,128849018882
78784,0.6040224726345881,1589137899524
82460,1.3923561698424598,17179869187
87471,0.6040224726345881,1589137899526
91095,0.6040224726345881,1589137899527
75476,0.6040224726345881,1597727834112
76935,0.6040224726345881,1597727834113
77186,0.6040224726345881,1597727834114
78503,0.7306350954483792,25769803778
90388,2.1372937537370795,42949672963
90719,0.6040224726345881,1597727834117
82369,0.7323772480694379,566935683076
82393,1.5432016932264552,120259084288
82634,0.6040224726345881,77309411330
84214,0.6040224726345881,1606317768707
90360,0.6040224726345881,1606317768708
82662,2.714949080176521,77309411330
84889,0.6040224726345881,1614907703297
75850,0.6040224726345881,1623497637888
78276,1.099664437976261,137438953476
78414,0.6040224726345881,1623497637890
82374,0.621726579591119,120259084288
83771,0.6406952656159736,77309411330
76206,0.6040224726345881,1632087572480
82487,0.8478965459608028,180388626437
82696,0.6040224726345881,429496729606
87224,0.6040224726345881,5
87949,0.6040224726345881,1632087572484
90159,0.6040224726345881,1632087572485
90876,0.6040224726345881,1632087572486
75311,0.8607320235042878,51539607552
81023,0.6040224726345881,1640677507073
84732,0.6040224726345881,1640677507074
91204,0.6040224726345881,1640677507075
75944,0.6040224726345881,343597383681
76315,1.1174415743739876,463856467968
81042,0.6040224726345881,1649267441666
81094,0.6040224726345881,1649267441667
81413,0.6040224726345881,1649267441668
82344,0.7718571731441797,51539607556
82452,0.9403240440520272,17179869187
87944,0.6040224726345881,1649267441671
90649,0.6040224726345881,1649267441672
77232,0.7313076249408141,51539607559
80943,0.6040224726345881,1657857376257
82489,1.4828828136358716,17179869186
91240,0.6040224726345881,1657857376259
81077,0.6040224726345881,1666447310848
82635,0.6406952656159736,77309411330
82728,0.6040224726345881,506806140928
83998,0.6040224726345881,1666447310851
87505,0.6040224726345881,1666447310852
76420,0.6040224726345881,1675037245440
82348,0.9017148578107892,51539607556
86915,1.1174415743739876,876173328384
90769,0.6040224726345881,1675037245443
82395,1.8683995275860237,120259084288
82443,0.6755698859308067,17179869187
75915,0.6040224726345881,1692217114624
76448,0.6735848631959113,25769803778
76467,0.6040224726345881,1692217114626
78325,0.6040224726345881,1692217114627
79415,0.6040224726345881,1692217114628
81851,1.0555002903932107,25769803778
82446,0.7440861115856393,17179869187
82600,0.6040224726345881,1692217114631
90365,0.6040224726345881,1692217114632
91024,1.78901658253263,17179869190
80036,0.6040224726345881,1700807049216
82464,1.9703930411876531,17179869187
88827,0.6040224726345881,1700807049218
90006,0.6040224726345881,1700807049219
90555,1.5923542434829323,343597383686
75213,0.6040224726345881,1709396983808
90925,0.6040224726345881,1709396983809
91103,0.7751621732143879,146028888068
